{
    "Intercept": 1.4613399745521014,
    "Augsburg": {
        "att": 1,
        "def": 1
    },
    "Bayer Leverkusen": {
        "att": 1.4862601567682923,
        "def": 0.7163385259090327
    },
    "Bayern Munich": {
        "att": 2.2406698683696034,
        "def": 0.6260212776684438
    },
    "Borussia Dortmund": {
        "att": 1.3220890256768685,
        "def": 0.6443290391499674
    },
    "Borussia M\u00f6nchengladbach": {
        "att": 0.968395782241603,
        "def": 0.8418964316040789
    },
    "Eintracht Frankfurt": {
        "att": 1.0520989063307793,
        "def": 0.8141104748404696
    },
    "FC Cologne": {
        "att": 1.0795593910554686,
        "def": 0.9527744679665975
    },
    "Freiburg": {
        "att": 1.0556763530588051,
        "def": 0.7787583063271446
    },
    "Hamburger SV": {
        "att": 0.8870381885324942,
        "def": 0.9993512530490126
    },
    "Heidenheim": {
        "att": 0.9548773982889701,
        "def": 1.0885083739435382
    },
    "Hoffenheim": {
        "att": 1.2824019445439894,
        "def": 0.8215721249540554
    },
    "Mainz 05": {
        "att": 1.1946740008092214,
        "def": 0.8980849876578985
    },
    "RB Leipzig": {
        "att": 1.5005226762851043,
        "def": 0.762962935083191
    },
    "St. Pauli": {
        "att": 0.6846830786051236,
        "def": 0.922852206373819
    },
    "Stuttgart": {
        "att": 1.36612847869606,
        "def": 0.8007306730304486
    },
    "Union Berlin": {
        "att": 0.977610041252983,
        "def": 0.8032721690106149
    },
    "Werder Bremen": {
        "att": 0.8955892486402044,
        "def": 0.8837367201218757
    },
    "Wolfsburg": {
        "att": 0.9921213896464796,
        "def": 1.0155226554400045
    },
    "h_a_factor": 1.2941778706910696
}