{
    "Intercept": 1.4389294012144582,
    "Augsburg": {
        "att": 1,
        "def": 1
    },
    "Bayer Leverkusen": {
        "att": 1.4658945605673428,
        "def": 0.7597558049830476
    },
    "Bayern Munich": {
        "att": 2.202686503231301,
        "def": 0.6648401695494528
    },
    "Borussia Dortmund": {
        "att": 1.3045800404031203,
        "def": 0.6505707098241595
    },
    "Borussia M\u00f6nchengladbach": {
        "att": 0.9338104078245145,
        "def": 0.8510096472560859
    },
    "Eintracht Frankfurt": {
        "att": 1.0242495744408209,
        "def": 0.8323436906378874
    },
    "FC Cologne": {
        "att": 1.1129932609988622,
        "def": 0.9622775683726261
    },
    "Freiburg": {
        "att": 1.0404524458456115,
        "def": 0.7881619568882527
    },
    "Hamburger SV": {
        "att": 0.8790705618945673,
        "def": 1.0197461140926785
    },
    "Heidenheim": {
        "att": 0.9541055665428463,
        "def": 1.105755411228225
    },
    "Hoffenheim": {
        "att": 1.2780026624021243,
        "def": 0.8321478269551593
    },
    "Mainz 05": {
        "att": 1.2204791484970574,
        "def": 0.9009015362699725
    },
    "RB Leipzig": {
        "att": 1.5308975132331681,
        "def": 0.7615839709470326
    },
    "St. Pauli": {
        "att": 0.6773004260295901,
        "def": 0.9437666837844162
    },
    "Stuttgart": {
        "att": 1.3500308423626006,
        "def": 0.8093069609623081
    },
    "Union Berlin": {
        "att": 0.9506004166008134,
        "def": 0.8507257677166309
    },
    "Werder Bremen": {
        "att": 0.8829506634391123,
        "def": 0.8940563071387856
    },
    "Wolfsburg": {
        "att": 0.9795685553706969,
        "def": 1.010251245010049
    },
    "h_a_factor": 1.3192026208375118
}