{
    "Intercept": 1.4545040697614895,
    "Augsburg": {
        "att": 1,
        "def": 1
    },
    "Bayer Leverkusen": {
        "att": 1.4839524886377145,
        "def": 0.7174327401252311
    },
    "Bayern Munich": {
        "att": 2.2379613741494406,
        "def": 0.6262090483209835
    },
    "Borussia Dortmund": {
        "att": 1.320614092630593,
        "def": 0.6445252596024651
    },
    "Borussia M\u00f6nchengladbach": {
        "att": 0.9671710002078336,
        "def": 0.8421700076134769
    },
    "Eintracht Frankfurt": {
        "att": 1.0508592819368736,
        "def": 0.8144156333005435
    },
    "FC Cologne": {
        "att": 1.0796566467373865,
        "def": 0.9527025281613473
    },
    "Freiburg": {
        "att": 1.0540595411900628,
        "def": 0.7799241751269872
    },
    "Hamburger SV": {
        "att": 0.8860517667600484,
        "def": 0.9996691527539758
    },
    "Heidenheim": {
        "att": 0.9537800584305244,
        "def": 1.0890452339578838
    },
    "Hoffenheim": {
        "att": 1.2808502313079893,
        "def": 0.8218137352148286
    },
    "Mainz 05": {
        "att": 1.1951115229789324,
        "def": 0.8980238467084555
    },
    "RB Leipzig": {
        "att": 1.5478771253809886,
        "def": 0.7533057957078204
    },
    "St. Pauli": {
        "att": 0.6836829478514219,
        "def": 0.924674445734468
    },
    "Stuttgart": {
        "att": 1.3645837365533287,
        "def": 0.8009399824339973
    },
    "Union Berlin": {
        "att": 0.9628649214676205,
        "def": 0.8396489915780032
    },
    "Werder Bremen": {
        "att": 0.8945220725808866,
        "def": 0.8840695502370713
    },
    "Wolfsburg": {
        "att": 0.9909825922681171,
        "def": 1.0157061885074155
    },
    "h_a_factor": 1.3018387202568111
}