{
    "Intercept": 1.4358158199626876,
    "Augsburg": {
        "att": 1,
        "def": 1
    },
    "Bayer Leverkusen": {
        "att": 1.4661201007373268,
        "def": 0.7596075023975173
    },
    "Bayern Munich": {
        "att": 2.203174913101923,
        "def": 0.6648379973504845
    },
    "Borussia Dortmund": {
        "att": 1.328789521767455,
        "def": 0.6434826181852275
    },
    "Borussia M\u00f6nchengladbach": {
        "att": 0.9337377843338113,
        "def": 0.851457476541138
    },
    "Eintracht Frankfurt": {
        "att": 1.0242242368830987,
        "def": 0.8328486169699851
    },
    "FC Cologne": {
        "att": 1.1131723797949789,
        "def": 0.9623865431966989
    },
    "Freiburg": {
        "att": 1.0313981119010487,
        "def": 0.8066054466454552
    },
    "Hamburger SV": {
        "att": 0.8798745162775542,
        "def": 1.019644953871161
    },
    "Heidenheim": {
        "att": 0.9542428550457577,
        "def": 1.1058709380514915
    },
    "Hoffenheim": {
        "att": 1.2779550373245734,
        "def": 0.8319472846319292
    },
    "Mainz 05": {
        "att": 1.220622497359742,
        "def": 0.900959975612709
    },
    "RB Leipzig": {
        "att": 1.5319959848194253,
        "def": 0.7614654538904391
    },
    "St. Pauli": {
        "att": 0.6774457816425817,
        "def": 0.9438204687466443
    },
    "Stuttgart": {
        "att": 1.3436221439726521,
        "def": 0.8078484595007073
    },
    "Union Berlin": {
        "att": 0.950814429006212,
        "def": 0.8507307148829449
    },
    "Werder Bremen": {
        "att": 0.8810315990487134,
        "def": 0.8896009260223553
    },
    "Wolfsburg": {
        "att": 0.9802448097751525,
        "def": 1.0100031878454852
    },
    "h_a_factor": 1.3228144218870639
}