{
    "Intercept": 1.461339974552103,
    "Augsburg": {
        "att": 1,
        "def": 1
    },
    "Bayer Leverkusen": {
        "att": 1.486260156768294,
        "def": 0.7163385259090317
    },
    "Bayern Munich": {
        "att": 2.240669868369604,
        "def": 0.6260212776684431
    },
    "Borussia Dortmund": {
        "att": 1.3220890256768687,
        "def": 0.6443290391499662
    },
    "Borussia M\u00f6nchengladbach": {
        "att": 0.9683957822416036,
        "def": 0.8418964316040775
    },
    "Eintracht Frankfurt": {
        "att": 1.05209890633078,
        "def": 0.8141104748404686
    },
    "FC Cologne": {
        "att": 1.0795593910554688,
        "def": 0.9527744679665964
    },
    "Freiburg": {
        "att": 1.0556763530588054,
        "def": 0.7787583063271439
    },
    "Hamburger SV": {
        "att": 0.8870381885324939,
        "def": 0.9993512530490121
    },
    "Heidenheim": {
        "att": 0.9548773982889708,
        "def": 1.088508373943537
    },
    "Hoffenheim": {
        "att": 1.2824019445439894,
        "def": 0.8215721249540545
    },
    "Mainz 05": {
        "att": 1.1946740008092211,
        "def": 0.8980849876578972
    },
    "RB Leipzig": {
        "att": 1.5005226762851058,
        "def": 0.76296293508319
    },
    "St. Pauli": {
        "att": 0.6846830786051243,
        "def": 0.9228522063738174
    },
    "Stuttgart": {
        "att": 1.3661284786960604,
        "def": 0.8007306730304481
    },
    "Union Berlin": {
        "att": 0.9776100412529836,
        "def": 0.803272169010614
    },
    "Werder Bremen": {
        "att": 0.8955892486402051,
        "def": 0.8837367201218738
    },
    "Wolfsburg": {
        "att": 0.9921213896464801,
        "def": 1.0155226554400034
    },
    "h_a_factor": 1.2941778706910692
}