{
    "Intercept": 1.2997837979605067,
    "AC Milan": {
        "att": 1,
        "def": 1
    },
    "Atalanta": {
        "att": 1.0579170901304853,
        "def": 1.2220693863273602
    },
    "Bologna": {
        "att": 0.7683655075947641,
        "def": 1.2320278605968304
    },
    "Cagliari": {
        "att": 0.5959338645438447,
        "def": 1.3928163705744954
    },
    "Como": {
        "att": 1.0003290896661803,
        "def": 0.9356936180950192
    },
    "Cremonese": {
        "att": 0.583278533055129,
        "def": 1.579881530439183
    },
    "Fiorentina": {
        "att": 0.8246680874083713,
        "def": 1.3593397087409178
    },
    "Genoa": {
        "att": 0.7579447931137455,
        "def": 1.313015533364486
    },
    "Inter Milan": {
        "att": 1.3074161726929545,
        "def": 0.8153969514359082
    },
    "Juventus": {
        "att": 1.1013463409705022,
        "def": 0.9010432035410887
    },
    "Lazio": {
        "att": 0.7110264425273645,
        "def": 1.1005523265473465
    },
    "Lecce": {
        "att": 0.5347620839012034,
        "def": 1.4730754680722427
    },
    "Napoli": {
        "att": 0.8761749543066085,
        "def": 0.9749230871523413
    },
    "Parma": {
        "att": 0.550038829802154,
        "def": 1.3751317935639586
    },
    "Pisa": {
        "att": 0.6468849659599049,
        "def": 1.5465203479491751
    },
    "Roma": {
        "att": 0.8607502865901399,
        "def": 1.0522046608336393
    },
    "Sassuolo": {
        "att": 0.682015580280673,
        "def": 1.381339069649514
    },
    "Torino": {
        "att": 0.7413396137965899,
        "def": 1.3440242127047382
    },
    "Udinese": {
        "att": 0.693085134816463,
        "def": 1.3221531862571132
    },
    "Verona": {
        "att": 0.5778479664473439,
        "def": 1.199085939083086
    },
    "h_a_factor": 1.2014144721483655
}