{
    "Intercept": 1.3035889006829888,
    "AC Milan": {
        "att": 1,
        "def": 1
    },
    "Atalanta": {
        "att": 1.0579777766959122,
        "def": 1.22192233604499
    },
    "Bologna": {
        "att": 0.768412032800971,
        "def": 1.230988987880614
    },
    "Cagliari": {
        "att": 0.5959040279338339,
        "def": 1.3926899278165887
    },
    "Como": {
        "att": 0.9998871427217098,
        "def": 0.9350567094673735
    },
    "Cremonese": {
        "att": 0.5871213619401118,
        "def": 1.5506503487346528
    },
    "Fiorentina": {
        "att": 0.8246454381759201,
        "def": 1.3592818906402933
    },
    "Genoa": {
        "att": 0.7580135729457791,
        "def": 1.3128631859192685
    },
    "Inter Milan": {
        "att": 1.3074554343777123,
        "def": 0.8152656978236626
    },
    "Juventus": {
        "att": 1.101419542200105,
        "def": 0.9009267792287842
    },
    "Lazio": {
        "att": 0.7105272349314474,
        "def": 1.100605793076808
    },
    "Lecce": {
        "att": 0.5348118170745635,
        "def": 1.4728612487476644
    },
    "Napoli": {
        "att": 0.8569514865639306,
        "def": 0.9805317957641305
    },
    "Parma": {
        "att": 0.5499932457851615,
        "def": 1.3749432687862944
    },
    "Pisa": {
        "att": 0.6466027361472911,
        "def": 1.5454277342180558
    },
    "Roma": {
        "att": 0.8607961851781729,
        "def": 1.0520359948294051
    },
    "Sassuolo": {
        "att": 0.6820920405133659,
        "def": 1.3811226065445525
    },
    "Torino": {
        "att": 0.7413393751580631,
        "def": 1.3440015437007036
    },
    "Udinese": {
        "att": 0.6926425640228622,
        "def": 1.3209801319107244
    },
    "Verona": {
        "att": 0.5778078313987612,
        "def": 1.1989676736910637
    },
    "h_a_factor": 1.198032194993195
}