{
    "Intercept": 1.3056929086481963,
    "AC Milan": {
        "att": 1,
        "def": 1
    },
    "Atalanta": {
        "att": 1.0582680183134374,
        "def": 1.2212098631051191
    },
    "Bologna": {
        "att": 0.7555995439516198,
        "def": 1.2380482383283675
    },
    "Cagliari": {
        "att": 0.5959864056421678,
        "def": 1.3919866006405481
    },
    "Como": {
        "att": 1.0010031384611715,
        "def": 0.9348266452234506
    },
    "Cremonese": {
        "att": 0.5832529727326666,
        "def": 1.5801924025718457
    },
    "Fiorentina": {
        "att": 0.8242465043625651,
        "def": 1.3594111273802056
    },
    "Genoa": {
        "att": 0.757680466061429,
        "def": 1.3130710168349953
    },
    "Inter Milan": {
        "att": 1.3084331423979911,
        "def": 0.8142642122055208
    },
    "Juventus": {
        "att": 1.1011391442140002,
        "def": 0.9004410918421349
    },
    "Lazio": {
        "att": 0.7107312819607795,
        "def": 1.1009788067451303
    },
    "Lecce": {
        "att": 0.5404922286470031,
        "def": 1.4463828957124352
    },
    "Napoli": {
        "att": 0.8763477221336504,
        "def": 0.9745968706879178
    },
    "Parma": {
        "att": 0.5497217407360405,
        "def": 1.385671146927074
    },
    "Pisa": {
        "att": 0.6535013278265319,
        "def": 1.5467693136083263
    },
    "Roma": {
        "att": 0.864982875705705,
        "def": 1.03160101441935
    },
    "Sassuolo": {
        "att": 0.6818697764066483,
        "def": 1.3812061036989993
    },
    "Torino": {
        "att": 0.741363343583414,
        "def": 1.3441353441595116
    },
    "Udinese": {
        "att": 0.6931998119392078,
        "def": 1.3217810653908975
    },
    "Verona": {
        "att": 0.5601700636965592,
        "def": 1.2073374925259797
    },
    "h_a_factor": 1.1940187368262023
}