{
    "Intercept": 1.3035889006829886,
    "AC Milan": {
        "att": 1,
        "def": 1
    },
    "Atalanta": {
        "att": 1.0579777766959109,
        "def": 1.221922336044991
    },
    "Bologna": {
        "att": 0.7684120328009708,
        "def": 1.2309889878806148
    },
    "Cagliari": {
        "att": 0.5959040279338338,
        "def": 1.3926899278165894
    },
    "Como": {
        "att": 0.999887142721708,
        "def": 0.9350567094673736
    },
    "Cremonese": {
        "att": 0.587121361940112,
        "def": 1.5506503487346535
    },
    "Fiorentina": {
        "att": 0.8246454381759198,
        "def": 1.3592818906402944
    },
    "Genoa": {
        "att": 0.7580135729457794,
        "def": 1.3128631859192692
    },
    "Inter Milan": {
        "att": 1.3074554343777112,
        "def": 0.8152656978236625
    },
    "Juventus": {
        "att": 1.1014195422001052,
        "def": 0.9009267792287842
    },
    "Lazio": {
        "att": 0.7105272349314474,
        "def": 1.1006057930768078
    },
    "Lecce": {
        "att": 0.5348118170745632,
        "def": 1.4728612487476629
    },
    "Napoli": {
        "att": 0.8569514865639304,
        "def": 0.9805317957641309
    },
    "Parma": {
        "att": 0.5499932457851616,
        "def": 1.374943268786295
    },
    "Pisa": {
        "att": 0.6466027361472914,
        "def": 1.5454277342180567
    },
    "Roma": {
        "att": 0.8607961851781731,
        "def": 1.0520359948294051
    },
    "Sassuolo": {
        "att": 0.6820920405133664,
        "def": 1.381122606544552
    },
    "Torino": {
        "att": 0.7413393751580638,
        "def": 1.3440015437007042
    },
    "Udinese": {
        "att": 0.6926425640228623,
        "def": 1.3209801319107246
    },
    "Verona": {
        "att": 0.5778078313987611,
        "def": 1.1989676736910642
    },
    "h_a_factor": 1.1980321949931951
}