{
    "Intercept": 1.6095741981972331,
    "AFC Bournemouth": {
        "att": 1,
        "def": 1
    },
    "Arsenal": {
        "att": 1.1284289148489863,
        "def": 0.5754959323762638
    },
    "Aston Villa": {
        "att": 0.8193560398388131,
        "def": 0.9791810995809845
    },
    "Brentford": {
        "att": 0.998298815198462,
        "def": 0.971137091777015
    },
    "Brighton & Hove Albion": {
        "att": 0.8467680921726254,
        "def": 0.9014642460781734
    },
    "Burnley": {
        "att": 0.5612068041500752,
        "def": 1.407078691027776
    },
    "Chelsea": {
        "att": 1.1181381253290832,
        "def": 0.9781839379038269
    },
    "Crystal Palace": {
        "att": 0.9075929985326845,
        "def": 1.0010255210159134
    },
    "Everton": {
        "att": 0.7385473248400032,
        "def": 0.9917399951980613
    },
    "Fulham": {
        "att": 0.7365604696364392,
        "def": 1.0423498587094164
    },
    "Leeds United": {
        "att": 0.8902520246726157,
        "def": 0.9319391281337491
    },
    "Liverpool": {
        "att": 1.010827479903721,
        "def": 0.9068012267398856
    },
    "Manchester City": {
        "att": 1.1663406028791783,
        "def": 0.8031449807572903
    },
    "Manchester United": {
        "att": 1.0289628240745607,
        "def": 0.8775652332139869
    },
    "Newcastle United": {
        "att": 0.8910441676335608,
        "def": 1.0029253287874598
    },
    "Nottingham Forest": {
        "att": 0.6847890009184101,
        "def": 1.073479988366265
    },
    "Sunderland": {
        "att": 0.6209043237982694,
        "def": 1.0481326836731866
    },
    "Tottenham Hotspur": {
        "att": 0.6742205620647711,
        "def": 0.9935989780740111
    },
    "West Ham United": {
        "att": 0.7159093944388212,
        "def": 1.1722463131069596
    },
    "Wolverhampton Wanderers": {
        "att": 0.5404280708063885,
        "def": 1.151317324734765
    },
    "h_a_factor": 1.228342211761565
}