{
    "Intercept": 1.6174529177732238,
    "AFC Bournemouth": {
        "att": 1,
        "def": 1
    },
    "Arsenal": {
        "att": 1.1017631487561963,
        "def": 0.5754448039146939
    },
    "Aston Villa": {
        "att": 0.8121113693907326,
        "def": 0.9744620521035984
    },
    "Brentford": {
        "att": 0.9989152501982869,
        "def": 0.9713055161871811
    },
    "Brighton & Hove Albion": {
        "att": 0.8464556489502215,
        "def": 0.9009487408376335
    },
    "Burnley": {
        "att": 0.5613275594205531,
        "def": 1.4045057030173602
    },
    "Chelsea": {
        "att": 1.1190470294823427,
        "def": 0.9774950595879649
    },
    "Crystal Palace": {
        "att": 0.9225079583064351,
        "def": 0.989536433495937
    },
    "Everton": {
        "att": 0.7344052414957716,
        "def": 0.999748110314593
    },
    "Fulham": {
        "att": 0.7326723475918896,
        "def": 1.0314505069216653
    },
    "Leeds United": {
        "att": 0.8904567404359149,
        "def": 0.9316804285584881
    },
    "Liverpool": {
        "att": 1.0032540667712868,
        "def": 0.9231419946866878
    },
    "Manchester City": {
        "att": 1.1667595287237278,
        "def": 0.8031029060398218
    },
    "Manchester United": {
        "att": 1.0301768720065052,
        "def": 0.8772446862999779
    },
    "Newcastle United": {
        "att": 0.8902768164172497,
        "def": 0.9722055119789544
    },
    "Nottingham Forest": {
        "att": 0.6845196709151301,
        "def": 1.0731092579810497
    },
    "Sunderland": {
        "att": 0.6213501283413325,
        "def": 1.0474799058696693
    },
    "Tottenham Hotspur": {
        "att": 0.6714077009145467,
        "def": 0.9869241902686188
    },
    "West Ham United": {
        "att": 0.7226514281742473,
        "def": 1.1659960694658342
    },
    "Wolverhampton Wanderers": {
        "att": 0.5353713217459038,
        "def": 1.1468343747869125
    },
    "h_a_factor": 1.2234319527524344
}