{
    "Intercept": 1.6069665384733374,
    "AFC Bournemouth": {
        "att": 1,
        "def": 1
    },
    "Arsenal": {
        "att": 1.1280592390362378,
        "def": 0.5756203264372705
    },
    "Aston Villa": {
        "att": 0.8190184761240781,
        "def": 0.9794374643279262
    },
    "Brentford": {
        "att": 0.9979308958558196,
        "def": 0.971417447028026
    },
    "Brighton & Hove Albion": {
        "att": 0.8464907281690571,
        "def": 0.9017099766537411
    },
    "Burnley": {
        "att": 0.5610268760068651,
        "def": 1.4074656597822395
    },
    "Chelsea": {
        "att": 1.1180839270784513,
        "def": 0.9787225087369367
    },
    "Crystal Palace": {
        "att": 0.9072016314951618,
        "def": 1.0013190833016414
    },
    "Everton": {
        "att": 0.7380924549596821,
        "def": 0.9923573358792438
    },
    "Fulham": {
        "att": 0.7363195087584441,
        "def": 1.042567921830081
    },
    "Leeds United": {
        "att": 0.8899416298271186,
        "def": 0.9321750526510543
    },
    "Liverpool": {
        "att": 1.0105163974907863,
        "def": 0.9069730041889654
    },
    "Manchester City": {
        "att": 1.1659634432367696,
        "def": 0.8032895327092414
    },
    "Manchester United": {
        "att": 1.028935163356433,
        "def": 0.8779913863941181
    },
    "Newcastle United": {
        "att": 0.8910335721996813,
        "def": 1.002975452975151
    },
    "Nottingham Forest": {
        "att": 0.6783739893403711,
        "def": 1.0878486507410374
    },
    "Sunderland": {
        "att": 0.632868794058964,
        "def": 1.0415623785892942
    },
    "Tottenham Hotspur": {
        "att": 0.6739711474551258,
        "def": 0.9938668668229966
    },
    "West Ham United": {
        "att": 0.7156657848351304,
        "def": 1.172481820676675
    },
    "Wolverhampton Wanderers": {
        "att": 0.5401255685255171,
        "def": 1.1520000863355282
    },
    "h_a_factor": 1.2311156552194646
}