{
    "Intercept": 1.6069665384733385,
    "AFC Bournemouth": {
        "att": 1,
        "def": 1
    },
    "Arsenal": {
        "att": 1.1280592390362367,
        "def": 0.5756203264372705
    },
    "Aston Villa": {
        "att": 0.8190184761240777,
        "def": 0.9794374643279259
    },
    "Brentford": {
        "att": 0.9979308958558197,
        "def": 0.9714174470280257
    },
    "Brighton & Hove Albion": {
        "att": 0.8464907281690569,
        "def": 0.9017099766537408
    },
    "Burnley": {
        "att": 0.5610268760068647,
        "def": 1.40746565978224
    },
    "Chelsea": {
        "att": 1.11808392707845,
        "def": 0.9787225087369361
    },
    "Crystal Palace": {
        "att": 0.9072016314951615,
        "def": 1.0013190833016412
    },
    "Everton": {
        "att": 0.7380924549596821,
        "def": 0.9923573358792432
    },
    "Fulham": {
        "att": 0.7363195087584444,
        "def": 1.0425679218300805
    },
    "Leeds United": {
        "att": 0.8899416298271183,
        "def": 0.9321750526510539
    },
    "Liverpool": {
        "att": 1.0105163974907865,
        "def": 0.9069730041889648
    },
    "Manchester City": {
        "att": 1.165963443236769,
        "def": 0.8032895327092413
    },
    "Manchester United": {
        "att": 1.0289351633564332,
        "def": 0.8779913863941174
    },
    "Newcastle United": {
        "att": 0.8910335721996815,
        "def": 1.0029754529751502
    },
    "Nottingham Forest": {
        "att": 0.678373989340371,
        "def": 1.087848650741037
    },
    "Sunderland": {
        "att": 0.6328687940589637,
        "def": 1.0415623785892936
    },
    "Tottenham Hotspur": {
        "att": 0.6739711474551257,
        "def": 0.9938668668229963
    },
    "West Ham United": {
        "att": 0.7156657848351299,
        "def": 1.1724818206766747
    },
    "Wolverhampton Wanderers": {
        "att": 0.5401255685255172,
        "def": 1.1520000863355275
    },
    "h_a_factor": 1.231115655219464
}