{
    "Intercept": 1.6179844710441758,
    "AFC Bournemouth": {
        "att": 1,
        "def": 1
    },
    "Arsenal": {
        "att": 1.1017640809687068,
        "def": 0.5754445054384351
    },
    "Aston Villa": {
        "att": 0.8121124980899287,
        "def": 0.9744560215240219
    },
    "Brentford": {
        "att": 0.9968721766210198,
        "def": 0.968571662582045
    },
    "Brighton & Hove Albion": {
        "att": 0.8463912895501574,
        "def": 0.9008824687205295
    },
    "Burnley": {
        "att": 0.5613339398375771,
        "def": 1.404501577533982
    },
    "Chelsea": {
        "att": 1.119044857078763,
        "def": 0.9774904706658586
    },
    "Crystal Palace": {
        "att": 0.9224435156027684,
        "def": 0.9894715687357167
    },
    "Everton": {
        "att": 0.7344046992498262,
        "def": 0.9997409430582046
    },
    "Fulham": {
        "att": 0.7326757296663176,
        "def": 1.0314521056190162
    },
    "Leeds United": {
        "att": 0.8904618281209361,
        "def": 0.9316743513907053
    },
    "Liverpool": {
        "att": 1.0030978812919056,
        "def": 0.9229995895775825
    },
    "Manchester City": {
        "att": 1.1666629610258479,
        "def": 0.8030594143859373
    },
    "Manchester United": {
        "att": 1.0278634329955652,
        "def": 0.8749137645429995
    },
    "Newcastle United": {
        "att": 0.8902773122176687,
        "def": 0.9721993224470218
    },
    "Nottingham Forest": {
        "att": 0.6844778084390143,
        "def": 1.0730177651245345
    },
    "Sunderland": {
        "att": 0.6213039252094001,
        "def": 1.0473992534702004
    },
    "Tottenham Hotspur": {
        "att": 0.6714112049472764,
        "def": 0.9869252479369809
    },
    "West Ham United": {
        "att": 0.7225980675217674,
        "def": 1.1659068690605094
    },
    "Wolverhampton Wanderers": {
        "att": 0.5353758776476338,
        "def": 1.146817854036389
    },
    "h_a_factor": 1.2234405693038968
}