{
    "Intercept": 0.8977988814742673,
    "Angers": {
        "att": 1,
        "def": 1
    },
    "Auxerre": {
        "att": 1.259721942064328,
        "def": 0.8388945106324069
    },
    "Brest": {
        "att": 1.4757839316692645,
        "def": 0.9661415300310634
    },
    "Havre": {
        "att": 1.1894808834804298,
        "def": 0.9871558108843138
    },
    "Lens": {
        "att": 2.312216178214249,
        "def": 0.8264495998270033
    },
    "Lille": {
        "att": 1.8332653132361765,
        "def": 0.7324497205657124
    },
    "Lorient": {
        "att": 1.4962235873608263,
        "def": 0.9224554513415952
    },
    "Lyon": {
        "att": 1.69438291086749,
        "def": 0.8502239854332414
    },
    "Marseille": {
        "att": 2.167543247950812,
        "def": 0.843707855035787
    },
    "Metz": {
        "att": 1.0595326836348764,
        "def": 1.1319593132401153
    },
    "Monaco": {
        "att": 1.9921131139990134,
        "def": 0.9306548272801558
    },
    "Nantes": {
        "att": 1.1097195970144735,
        "def": 0.9931241617554061
    },
    "Nice": {
        "att": 1.473765339718496,
        "def": 1.105688872948145
    },
    "Paris FC": {
        "att": 1.491580517607766,
        "def": 1.049071785800944
    },
    "Paris Saint-Germain": {
        "att": 2.3835649698621477,
        "def": 0.5581917432418152
    },
    "Rennes": {
        "att": 1.7341358865565895,
        "def": 1.0091803128175725
    },
    "Strasbourg": {
        "att": 1.7770255214408588,
        "def": 0.8020535486267706
    },
    "Toulouse": {
        "att": 1.43218430534377,
        "def": 0.8220850571106562
    },
    "h_a_factor": 1.293984953718405
}