{
    "Intercept": 0.9238773488698916,
    "Angers": {
        "att": 1,
        "def": 1
    },
    "Auxerre": {
        "att": 1.2416773093217652,
        "def": 0.8353585921456325
    },
    "Brest": {
        "att": 1.4208507321482367,
        "def": 0.9748540179758759
    },
    "Havre": {
        "att": 1.1733072149844883,
        "def": 0.9713608550526135
    },
    "Lens": {
        "att": 2.3214044615646796,
        "def": 0.7924723560034694
    },
    "Lille": {
        "att": 1.8098968524991237,
        "def": 0.7206443424330786
    },
    "Lorient": {
        "att": 1.4763688225365852,
        "def": 0.9083599323975304
    },
    "Lyon": {
        "att": 1.6873830157831684,
        "def": 0.8367392373259039
    },
    "Marseille": {
        "att": 2.1381658336710676,
        "def": 0.8301259081735218
    },
    "Metz": {
        "att": 1.0456597586037997,
        "def": 1.1138675199639811
    },
    "Monaco": {
        "att": 1.9629924100719178,
        "def": 0.9275063311650577
    },
    "Nantes": {
        "att": 1.093977830093502,
        "def": 0.9783769050146233
    },
    "Nice": {
        "att": 1.4529190318982512,
        "def": 1.0886319999722607
    },
    "Paris FC": {
        "att": 1.4731687915119578,
        "def": 1.0324016335310038
    },
    "Paris Saint-Germain": {
        "att": 2.3832780791437918,
        "def": 0.5569015992700251
    },
    "Rennes": {
        "att": 1.7106077002413689,
        "def": 0.993237167482059
    },
    "Strasbourg": {
        "att": 1.7560647953649302,
        "def": 0.7890109700543326
    },
    "Toulouse": {
        "att": 1.4332793114962081,
        "def": 0.8075057822011803
    },
    "h_a_factor": 1.2881407456513712
}