{
    "Intercept": 0.8977988814742672,
    "Angers": {
        "att": 1,
        "def": 1
    },
    "Auxerre": {
        "att": 1.2597219420643269,
        "def": 0.8388945106324075
    },
    "Brest": {
        "att": 1.4757839316692642,
        "def": 0.9661415300310644
    },
    "Havre": {
        "att": 1.1894808834804291,
        "def": 0.9871558108843147
    },
    "Lens": {
        "att": 2.312216178214246,
        "def": 0.826449599827004
    },
    "Lille": {
        "att": 1.8332653132361751,
        "def": 0.7324497205657124
    },
    "Lorient": {
        "att": 1.4962235873608267,
        "def": 0.9224554513415959
    },
    "Lyon": {
        "att": 1.6943829108674906,
        "def": 0.850223985433242
    },
    "Marseille": {
        "att": 2.1675432479508134,
        "def": 0.8437078550357876
    },
    "Metz": {
        "att": 1.0595326836348757,
        "def": 1.131959313240116
    },
    "Monaco": {
        "att": 1.9921131139990167,
        "def": 0.9306548272801556
    },
    "Nantes": {
        "att": 1.1097195970144729,
        "def": 0.9931241617554071
    },
    "Nice": {
        "att": 1.4737653397184955,
        "def": 1.1056888729481469
    },
    "Paris FC": {
        "att": 1.4915805176077666,
        "def": 1.0490717858009446
    },
    "Paris Saint-Germain": {
        "att": 2.383564969862147,
        "def": 0.558191743241815
    },
    "Rennes": {
        "att": 1.7341358865565897,
        "def": 1.0091803128175731
    },
    "Strasbourg": {
        "att": 1.7770255214408588,
        "def": 0.8020535486267706
    },
    "Toulouse": {
        "att": 1.4321843053437702,
        "def": 0.8220850571106564
    },
    "h_a_factor": 1.293984953718405
}