{
    "Intercept": 0.9006764851981972,
    "Angers": {
        "att": 1,
        "def": 1
    },
    "Auxerre": {
        "att": 1.2587679837472847,
        "def": 0.8393784845771339
    },
    "Brest": {
        "att": 1.4378263906701563,
        "def": 0.9904029842959101
    },
    "Havre": {
        "att": 1.1885829468313671,
        "def": 0.9878320753871115
    },
    "Lens": {
        "att": 2.3507180389953293,
        "def": 0.8052378145647032
    },
    "Lille": {
        "att": 1.8319382367667627,
        "def": 0.7329342043836446
    },
    "Lorient": {
        "att": 1.4950986762227005,
        "def": 0.9231065112836879
    },
    "Lyon": {
        "att": 1.6913919348164852,
        "def": 0.8515696633356948
    },
    "Marseille": {
        "att": 2.1660666422487367,
        "def": 0.8443041632866657
    },
    "Metz": {
        "att": 1.0588171133963487,
        "def": 1.1327743739780707
    },
    "Monaco": {
        "att": 1.9910540848559526,
        "def": 0.9312032001605632
    },
    "Nantes": {
        "att": 1.1082366516215032,
        "def": 0.9946948493548223
    },
    "Nice": {
        "att": 1.4713932724186802,
        "def": 1.1071990469952246
    },
    "Paris FC": {
        "att": 1.4917187976993804,
        "def": 1.0494084644694381
    },
    "Paris Saint-Germain": {
        "att": 2.382700467292729,
        "def": 0.5587116569079014
    },
    "Rennes": {
        "att": 1.7328823343339412,
        "def": 1.0097657680700818
    },
    "Strasbourg": {
        "att": 1.7772007197805073,
        "def": 0.8019317020237857
    },
    "Toulouse": {
        "att": 1.4312087560680646,
        "def": 0.8226881775027283
    },
    "h_a_factor": 1.2863316448021953
}